transition_src,transition_dst,timestamp,body_id,pos_x,pos_y,pos_z,vel_x,vel_y,vel_z,speed,hdg_x,hdg_z,transition_time,transition_entry_x,transition_entry_y,transition_entry_z,transition_prob,transition_approach,transition_time_err,transition_pos_err
45626933,49123828,1776118053.0725188,0,2.2052221298217773,-0.6657291650772095,6.561161994934082,0.0,0.0,0.0,0.0,0.9999427211655086,0.010703008367650054,0.0,2.2052221298217773,-0.6657291650772095,6.561161994934082,1.0,0.0,,
45626933,49123828,1776118053.0725188,1,-0.4908776581287384,-0.6065930128097534,8.368443489074707,0.0,0.0,0.0,0.0,-0.286684768785675,-0.9580249701058443,0.0,-0.4908776581287384,-0.6065930128097534,8.368443489074707,1.0,0.0,,
45626933,49123828,1776118054.0959554,0,2.2931783199310303,-0.6112856268882751,6.974770545959473,8.449766159057617,0.0,28.82616424560547,30.03907943425328,-0.6703175935160023,0.7420743384748697,0.0,2.2931783199310303,-0.6112856268882751,6.974770545959473,1.0,0.0,,
45626933,49123828,1776118054.0959554,1,-0.35487425327301025,-0.601721465587616,8.19590950012207,0.5378754138946533,0.0,0.13113611936569214,0.5536304206550049,-0.8316530373497663,-0.5552956198880991,0.0,-0.35487425327301025,-0.601721465587616,8.19590950012207,1.0,0.0,,
45626933,49123828,1776118055.1392524,0,2.1475632190704346,-0.5940468311309814,6.620718955993652,-0.9825329780578613,-0.0,0.9865789413452148,1.3923753303176176,-0.5406153245361631,0.8412699155899128,0.0,2.1475632190704346,-0.5940468311309814,6.620718955993652,1.0,0.0,,
45626933,49123828,1776118055.1392524,1,-0.22797679901123047,-0.5933358669281006,8.045520782470703,0.5391806364059448,0.0,-0.27529197931289673,0.6053936178629009,-0.777714252755883,-0.6286179611340725,0.0,-0.22797679901123047,-0.5933358669281006,8.045520782470703,1.0,0.0,,
45626933,49123828,1776118056.2469132,0,2.248960256576538,-0.6467490792274475,6.856750965118408,-4.85012149810791,0.0,-14.196992874145508,15.002609280220119,-0.6352751616982942,0.7722858725428079,0.0,2.248960256576538,-0.6467490792274475,6.856750965118408,1.0,0.0,,
45626933,49123828,1776118056.2469132,1,-0.08613254874944687,-0.5925983786582947,7.720920562744141,0.5880557298660278,0.0,-0.7745608687400818,0.9724988847354309,-0.4494762781239103,-0.8932922676279457,0.0,-0.08613254874944687,-0.5925983786582947,7.720920562744141,1.0,0.0,,
45626933,49123828,1776118057.261022,0,2.3769516944885254,-0.5939819812774658,7.1382975578308105,-0.08327436447143555,0.0,-0.4462704658508301,0.45397351075678233,-0.13269610116189232,0.9911567710188096,0.0,2.3769516944885254,-0.5939819812774658,7.1382975578308105,1.0,0.0,,
45626933,49123828,1776118057.261022,1,0.03420238196849823,-0.5946409702301025,7.410860538482666,0.549401581287384,0.0,-0.954023003578186,1.1009096188504401,-0.14147177951229045,-0.9899422890257926,0.0,0.03420238196849823,-0.5946409702301025,7.410860538482666,1.0,0.0,,
45626933,49123828,1776118058.2902932,1,0.1749952733516693,-0.5933363437652588,7.07000207901001,0.5439612865447998,0.0,-1.055477499961853,1.1874033157209885,-0.013974693933698983,-0.99990234919689,0.0,0.1749952733516693,-0.5933363437652588,7.07000207901001,1.0,0.0,,
45626933,49123828,1776118058.2902932,0,2.521338701248169,-0.6271772384643555,7.487586498260498,0.6592702269554138,0.0,0.6245973110198975,0.9081624486198102,-0.6162546635762074,0.7875469443916188,0.0,2.521338701248169,-0.6271772384643555,7.487586498260498,1.0,0.0,,
45626933,49123828,1776118059.2958968,1,0.3009021282196045,-0.5966581702232361,6.76223087310791,0.5431373119354248,0.0,-1.1195125579833984,1.2443096508100269,0.7777446728620032,-0.6285803240913412,0.0,0.3009021282196045,-0.5966581702232361,6.76223087310791,1.0,0.0,,
45626933,49123828,1776118059.2958968,0,2.553872585296631,-0.6111515164375305,7.689974308013916,1.5843441486358643,0.0,4.514109134674072,4.784070198174835,-0.6653581629790344,0.746524289596236,0.0,2.553872585296631,-0.6111515164375305,7.689974308013916,1.0,0.0,,
45626933,49123828,1776118060.3508515,1,0.43161213397979736,-0.5947560667991638,6.499552249908447,0.5545591711997986,0.0,-1.13797926902771,1.2659118022590075,0.6346548670915054,-0.7727957037128659,0.0,0.43161213397979736,-0.5947560667991638,6.499552249908447,1.0,0.0,,
45626933,49123828,1776118060.3508515,0,2.5404510498046875,-0.6167813539505005,7.731729030609131,-8.638847351074219,0.0,-24.243690490722656,25.73686484724039,-0.5002000144155029,0.8659098946072452,0.0,2.5404510498046875,-0.6167813539505005,7.731729030609131,1.0,0.0,,
45626933,49123828,1776118061.376588,1,0.5847755670547485,-0.5963917374610901,6.2597527503967285,0.5649512410163879,0.0,-1.1057307720184326,1.2416965993810387,-0.28401358001199734,-0.9588202575919894,0.0,0.5847755670547485,-0.5963917374610901,6.2597527503967285,1.0,0.0,,
45626933,49123828,1776118061.376588,0,3.1188435554504395,-0.6621348857879639,9.525278091430664,14.533212661743164,0.0,45.374488830566406,47.64513098845093,-0.26270683530031974,0.9648757011586988,0.0,3.1188435554504395,-0.6621348857879639,9.525278091430664,1.0,0.0,,
45626933,49123828,1776118062.4193914,2,3.6501481533050537,-0.566053569316864,2.9587490558624268,-0.022470831871032715,-0.0,0.0019192099571228027,0.02255264179283081,0.6945224704410001,-0.7194710126561945,0.0,3.6501481533050537,-0.566053569316864,2.9587490558624268,1.0,0.0,,
45626933,49123828,1776118062.4193914,1,0.7080362439155579,-0.5975167155265808,5.979462623596191,0.5593439936637878,0.0,-1.121421217918396,1.2531764645273762,0.41379894023160313,-0.9103682974836075,0.0,0.7080362439155579,-0.5975167155265808,5.979462623596191,1.0,0.0,,
45626933,49123828,1776118062.4193914,0,2.7724609375,-0.5718091130256653,8.37425708770752,1.0481082201004028,0.0,2.9519917964935303,3.1325367368328076,,,0.0,2.7724609375,-0.5718091130256653,8.37425708770752,1.0,0.0,,
45626933,49123828,1776118063.4999454,2,3.87276029586792,-0.5802441835403442,3.2435152530670166,0.5550406575202942,0.0,0.8564256429672241,1.0205562274722466,,,0.0,3.87276029586792,-0.5802441835403442,3.2435152530670166,1.0,0.0,,
45626933,49123828,1776118063.4999454,1,0.8548466563224792,-0.5973305106163025,5.775690078735352,0.5629171133041382,0.0,-1.067946195602417,1.2072219154539647,0.3019476219307257,-0.9533245164215486,0.0,0.8548466563224792,-0.5973305106163025,5.775690078735352,1.0,0.0,,
45626933,49123828,1776118063.4999454,0,2.898531913757324,-0.6417521834373474,8.765680313110352,-1.749962329864502,0.0,-5.892589092254639,6.14694837835028,0.006498210740669721,0.999978886405693,0.0,2.898531913757324,-0.6417521834373474,8.765680313110352,1.0,0.0,,
45626933,49123828,1776118064.5266755,2,3.65725040435791,-0.5870206952095032,3.1737165451049805,-0.21373991668224335,-0.0,0.229617178440094,0.31370177018646594,-0.9752338894152467,0.22117608581401949,0.0,3.65725040435791,-0.5870206952095032,3.1737165451049805,1.0,0.0,,
45626933,49123828,1776118064.5266755,1,1.0027903318405151,-0.6009550094604492,5.640955448150635,0.5656617879867554,0.0,-0.9862696528434753,1.1369701343959577,-0.050369674438851215,-0.9987306423139946,0.0,1.0027903318405151,-0.6009550094604492,5.640955448150635,1.0,0.0,,
45626933,49123828,1776118064.5266755,0,3.1474063396453857,-0.6467960476875305,9.679985046386719,10.789836883544922,0.0,33.1510009765625,34.862722867291275,-0.6161981288439572,-0.7875911794892106,0.0,3.1474063396453857,-0.6467960476875305,9.679985046386719,1.0,0.0,,
45626933,49123828,1776118065.5736773,2,3.51680850982666,-0.5918202996253967,3.110325574874878,-0.3665848970413208,-0.0,0.029851414263248444,0.3677983056952708,-0.988693559045297,-0.14995014605642693,0.0,3.51680850982666,-0.5918202996253967,3.110325574874878,1.0,0.0,,
45626933,49123828,1776118065.5736773,1,1.1484862565994263,-0.6012555956840515,5.462554931640625,0.5721682906150818,0.0,-0.9555823802947998,1.113783748451763,0.34934108055952345,-0.9369956293566714,0.0,1.1484862565994263,-0.6012555956840515,5.462554931640625,1.0,0.0,,
45626933,49123828,1776118065.5736773,0,2.9891796112060547,-0.6213687658309937,9.380505561828613,-0.49758028984069824,-0.0,1.8349485397338867,1.9012160025387637,0.19599583285941286,0.980604728472051,0.0,2.9891796112060547,-0.6213687658309937,9.380505561828613,1.0,0.0,,
45626933,49123828,1776118066.605344,2,3.319628953933716,-0.5913981795310974,3.0806474685668945,-0.5545251369476318,0.0,-0.020008634775877,0.5548859999787202,-0.9948391419292983,-0.10146468196065823,0.0,3.319628953933716,-0.5913981795310974,3.0806474685668945,1.0,0.0,,
45626933,49123828,1776118066.605344,1,1.253150463104248,-0.602971076965332,5.255335807800293,0.5723438262939453,0.0,-0.9743111729621887,1.1299821756363018,0.3745742626179763,-0.9271969164013648,0.0,1.253150463104248,-0.602971076965332,5.255335807800293,1.0,0.0,,
45626933,49123828,1776118066.605344,0,3.6629738807678223,-0.6528096199035645,10.978917121887207,8.142932891845703,0.0,27.13440704345703,28.329902959260437,-0.7736025062336911,0.6336711784111313,0.0,3.6629738807678223,-0.6528096199035645,10.978917121887207,1.0,0.0,,
45626933,49123828,1776118067.677377,2,3.0646963119506836,-0.5928168892860413,3.08744478225708,-0.6753331422805786,0.0,-0.006208023056387901,0.6753616754101679,-0.9999204301218326,0.012614809747643679,0.0,3.0646963119506836,-0.5928168892860413,3.08744478225708,1.0,0.0,,
45626933,49123828,1776118067.677377,1,1.3956882953643799,-0.6051234602928162,4.96462869644165,0.5681442022323608,0.0,-0.9906599521636963,1.142013561807049,0.43809093104815044,-0.8989306625838083,0.0,1.3956882953643799,-0.6051234602928162,4.96462869644165,1.0,0.0,,
45626933,49123828,1776118067.677377,0,3.3925981521606445,-0.6698739528656006,9.870450973510742,-10.647472381591797,0.0,-34.1290283203125,35.751353012235114,0.7391831111264295,-0.6735045124017006,0.0,3.3925981521606445,-0.6698739528656006,9.870450973510742,1.0,0.0,,
45626933,49123828,1776118068.7041671,2,2.8374178409576416,-0.5895808935165405,3.1135048866271973,-0.731117844581604,-0.0,0.020014381036162376,0.7313917405289119,-0.9655584422261685,-0.2601862691338164,0.0,2.8374178409576416,-0.5895808935165405,3.1135048866271973,1.0,0.0,,
45626933,49123828,1776118068.7041671,1,1.5230454206466675,-0.6045699119567871,4.694334030151367,0.5622739791870117,0.0,-1.000929832458496,1.1480472800264758,-0.0733857696097475,-0.9973036292016514,0.0,1.5230454206466675,-0.6045699119567871,4.694334030151367,1.0,0.0,,
45626933,49123828,1776118068.7041671,3,-11.73731517791748,-0.5735005736351013,9.704998970031738,11.521754264831543,0.0,-5.033237457275391,12.57315794223885,0.6155137710107241,0.7881261305756573,0.0,-11.73731517791748,-0.5735005736351013,9.704998970031738,1.0,0.0,,
45626933,49123828,1776118068.7041671,0,1.0856437683105469,-0.6698738932609558,2.475827693939209,-10.64747142791748,0.0,-34.1290283203125,35.75135272821172,0.7391831111264295,-0.6735045124017006,0.0,1.0856437683105469,-0.6698738932609558,2.475827693939209,1.0,0.0,,
45626933,49123828,1776118069.7103753,2,2.6224048137664795,-0.5894526839256287,3.1357638835906982,-0.8000818490982056,-0.0,0.035422299057245255,0.800865597042915,-0.9342297222960018,-0.3566718743869994,0.0,2.6224048137664795,-0.5894526839256287,3.1357638835906982,1.0,0.0,,
45626933,49123828,1776118069.7103753,1,1.6031575202941895,-0.6061086058616638,4.492424011230469,0.553386926651001,0.0,-1.008893370628357,1.1506967123817151,-0.03214961919833835,-0.9994830673830357,0.0,1.6031575202941895,-0.6061086058616638,4.492424011230469,1.0,0.0,,
45626933,49123828,1776118069.7103753,3,-12.173178672790527,-0.5785210728645325,10.141403198242188,6.944309234619141,0.0,-7.1154303550720215,9.942473529454178,0.942441593415559,-0.33437081660985646,0.0,-12.173178672790527,-0.5785210728645325,10.141403198242188,1.0,0.0,,
45626933,49123828,1776118069.7103753,0,1.0856437683105469,-0.6698738932609558,2.475827693939209,-10.64747142791748,0.0,-34.1290283203125,35.75135272821172,0.7391831111264295,-0.6735045124017006,0.0,1.0856437683105469,-0.6698738932609558,2.475827693939209,1.0,0.0,,
45626933,49123828,1776118070.7673724,2,2.3687503337860107,-0.5939260721206665,3.1346287727355957,-0.8612118363380432,-0.0,0.028255747631192207,0.8616752371531529,-0.8580240800155425,-0.5136094606931243,0.0,2.3687503337860107,-0.5939260721206665,3.1346287727355957,1.0,0.0,,
45626933,49123828,1776118070.7673724,1,1.6720470190048218,-0.6081328988075256,4.238439083099365,0.5347265601158142,0.0,-1.0229461193084717,1.1542752085623054,0.07335136644271727,-0.997306160133881,0.0,1.6720470190048218,-0.6081328988075256,4.238439083099365,1.0,0.0,,
45626933,49123828,1776118070.7673724,3,-12.608424186706543,-0.5499045252799988,10.959296226501465,-7.885804176330566,-0.0,6.751014232635498,10.380852598735792,-0.514217816320939,-0.8576596279283087,0.0,-12.608424186706543,-0.5499045252799988,10.959296226501465,1.0,0.0,,
45626933,49123828,1776118070.7673724,0,1.0856437683105469,-0.6698738932609558,2.475827693939209,-10.64747142791748,0.0,-34.1290283203125,35.75135272821172,0.7391831111264295,-0.6735045124017006,0.0,1.0856437683105469,-0.6698738932609558,2.475827693939209,1.0,0.0,,
45626933,49123828,1776118071.7759597,2,2.138613700866699,-0.5938962697982788,3.1060378551483154,-0.8913983106613159,-0.0,0.004431407433003187,0.8914093255186897,-0.94122862486011,-0.337770152239576,0.0,2.138613700866699,-0.5938962697982788,3.1060378551483154,1.0,0.0,,
45626933,49123828,1776118071.7759597,1,1.7695667743682861,-0.6070501804351807,3.9978079795837402,0.5284386277198792,0.0,-1.0304325819015503,1.158032248735226,0.3515459835068145,-0.9361706155825584,0.0,1.7695667743682861,-0.6070501804351807,3.9978079795837402,1.0,0.0,,
45626933,49123828,1776118071.7759597,3,-12.370767593383789,-0.5896181464195251,11.092869758605957,2.0863780975341797,0.0,-1.2223777770996094,2.4180944968750344,-0.8162421919919413,-0.5777098614462027,0.0,-12.370767593383789,-0.5896181464195251,11.092869758605957,1.0,0.0,,
45626933,49123828,1776118071.7759597,0,1.0856437683105469,-0.6698738932609558,2.475827693939209,-10.64747142791748,0.0,-34.1290283203125,35.75135272821172,0.7391831111264295,-0.6735045124017006,0.0,1.0856437683105469,-0.6698738932609558,2.475827693939209,1.0,0.0,,
45626933,49123828,1776118072.7917893,2,1.8655627965927124,-0.5928487777709961,3.062235116958618,-0.9322938323020935,0.0,-0.02346476912498474,0.9325890762488123,-0.9846397028691566,-0.1745985553598279,0.0,1.8655627965927124,-0.5928487777709961,3.062235116958618,1.0,0.0,,
45626933,49123828,1776118072.7917893,1,1.8888165950775146,-0.6065908074378967,3.7627124786376953,0.5270489454269409,0.0,-1.0277390480041504,1.155001360028692,0.03843837105223306,-0.9992609727347761,0.0,1.8888165950775146,-0.6065908074378967,3.7627124786376953,1.0,0.0,,
45626933,49123828,1776118072.7917893,4,4.092402458190918,-0.6373762488365173,10.857102394104004,0.6329436302185059,0.0,-0.029533296823501587,0.6336322708444115,-0.9172593609992125,0.3982904275265932,0.0,4.092402458190918,-0.6373762488365173,10.857102394104004,1.0,0.0,,
49123828,45626933,1776118072.7917893,3,-12.134312629699707,-0.5737014412879944,11.167027473449707,16.32909393310547,0.0,-13.5921630859375,21.24585150166742,0.8185373917738639,0.5744532515949755,0.0,-12.134312629699707,-0.5737014412879944,11.167027473449707,1.0,0.0,,
45626933,49123828,1776118072.7917893,0,1.0856437683105469,-0.6698738932609558,2.475827693939209,-10.64747142791748,0.0,-34.1290283203125,35.75135272821172,0.7391831111264295,-0.6735045124017006,0.0,1.0856437683105469,-0.6698738932609558,2.475827693939209,1.0,0.0,,
45626933,49123828,1776118073.8208022,2,1.648922324180603,-0.5935583710670471,3.0432302951812744,-0.9407933950424194,0.0,-0.031416285783052444,0.941317797116279,-0.9631246940787725,-0.2690554285935721,0.0,1.648922324180603,-0.5935583710670471,3.0432302951812744,1.0,0.0,,
45626933,49123828,1776118073.8208022,4,4.353869915008545,-0.6267760992050171,11.300747871398926,0.849653422832489,0.0,0.9090022444725037,1.2442652528247398,-0.7441276122275713,-0.6680374964928938,0.0,4.353869915008545,-0.6267760992050171,11.300747871398926,1.0,0.0,,
45626933,49123828,1776118073.8208022,3,-11.912413597106934,-0.5766294002532959,11.358179092407227,-15.741178512573242,-0.0,8.314088821411133,17.80193174616202,0.6686761756691179,0.7435537452615804,0.0,-11.912413597106934,-0.5766294002532959,11.358179092407227,1.0,0.0,,
45626933,49123828,1776118073.8208022,0,1.0856437683105469,-0.6698738932609558,2.475827693939209,-10.64747142791748,0.0,-34.1290283203125,35.75135272821172,0.7391831111264295,-0.6735045124017006,0.0,1.0856437683105469,-0.6698738932609558,2.475827693939209,1.0,0.0,,
45626933,49123828,1776118073.8208022,1,1.9874147176742554,-0.6043678522109985,3.5255355834960938,0.5222055912017822,0.0,-1.0329804420471191,1.1574745237517172,-0.9244687660091192,-0.38125778768908647,0.0,1.9874147176742554,-0.6043678522109985,3.5255355834960938,1.0,0.0,,
45626933,49123828,1776118074.8431406,2,1.3670910596847534,-0.5928006172180176,3.012132167816162,-0.9572522044181824,0.0,-0.043252814561128616,0.9582288812339821,-0.9352582770251991,-0.3539660368677423,0.0,1.3670910596847534,-0.5928006172180176,3.012132167816162,1.0,0.0,,
45626933,49123828,1776118074.8431406,1,2.1203994750976562,-0.6030855774879456,3.2248787879943848,0.5204757452011108,0.0,-1.042831540107727,1.1655010177542127,0.022105948108202645,-0.9997556336716674,0.0,2.1203994750976562,-0.6030855774879456,3.2248787879943848,1.0,0.0,,
49123828,45626933,1776118074.8431406,3,-12.395458221435547,-0.5843728184700012,12.2088623046875,-10.53659439086914,-0.0,7.324289321899414,12.832187476365236,0.713482883374645,0.7006726590437239,,,,,0.0,0.0,,
45626933,49123828,1776118074.8431406,0,1.0856437683105469,-0.6698738932609558,2.475827693939209,-10.64747142791748,0.0,-34.1290283203125,35.75135272821172,0.7391831111264295,-0.6735045124017006,0.0,1.0856437683105469,-0.6698738932609558,2.475827693939209,1.0,0.0,,
45626933,49123828,1776118074.8431406,4,4.572292327880859,-0.625852644443512,11.539664268493652,0.829693078994751,0.0,0.8934866786003113,1.2193067908315798,0.35040933005395897,-0.9365966588725029,0.0,4.572292327880859,-0.625852644443512,11.539664268493652,1.0,0.0,,
45626933,49123828,1776118075.8697715,2,1.122754454612732,-0.5930209755897522,2.9820427894592285,-0.9754748940467834,0.0,-0.053403589874506,0.9769356234302585,-0.922107117363133,-0.3869347026414836,0.0,1.122754454612732,-0.5930209755897522,2.9820427894592285,1.0,0.0,,
45626933,49123828,1776118075.8697715,1,2.2319517135620117,-0.6038733720779419,3.012495517730713,0.5200554132461548,0.0,-1.0373660326004028,1.1604248870304914,-0.7478214579749485,-0.6638998922971914,0.0,2.2319517135620117,-0.6038733720779419,3.012495517730713,1.0,0.0,,
45626933,49123828,1776118075.8697715,0,1.0856437683105469,-0.6698738932609558,2.475827693939209,-10.64747142791748,0.0,-34.1290283203125,35.75135272821172,0.7391831111264295,-0.6735045124017006,0.0,1.0856437683105469,-0.6698738932609558,2.475827693939209,1.0,0.0,,
45626933,49123828,1776118075.8697715,3,-12.056478500366211,-0.590035080909729,11.911298751831055,1.0604133605957031,0.0,-0.927001953125,1.408477588187841,0.8711404496288326,0.49103392654731626,0.0,-12.056478500366211,-0.590035080909729,11.911298751831055,1.0,0.0,,
45626933,49123828,1776118075.8697715,4,4.682918548583984,-0.625852644443512,11.658797264099121,0.829693078994751,0.0,0.8934866786003113,1.2193067908315798,0.35040933005395897,-0.9365966588725029,0.0,4.682918548583984,-0.625852644443512,11.658797264099121,1.0,0.0,,
45626933,49123828,1776118076.8830836,1,2.33412504196167,-0.6031246781349182,2.800351142883301,0.5171375870704651,0.0,-1.032006025314331,1.1543256560633774,-0.4648667967285022,-0.8853806307455464,0.0,2.33412504196167,-0.6031246781349182,2.800351142883301,1.0,0.0,,
45626933,49123828,1776118076.8830836,2,0.8827764987945557,-0.5933062434196472,2.9423422813415527,-0.9888074398040771,0.0,-0.06614499539136887,0.9910173123751259,-0.7163528963758308,-0.6977381513533271,0.0,0.8827764987945557,-0.5933062434196472,2.9423422813415527,1.0,0.0,,
45626933,49123828,1776118076.8830836,4,4.820323467254639,-0.6249824166297913,11.776735305786133,0.7112504839897156,0.0,0.7384249567985535,1.0252554158835496,-0.7169233433987932,0.6971520061578366,0.0,4.820323467254639,-0.6249824166297913,11.776735305786133,1.0,0.0,,
45626933,49123828,1776118076.8830836,3,-11.037338256835938,-0.5516265630722046,11.628941535949707,4.357409954071045,0.0,-2.0940773487091064,4.834478405186436,-0.09121556064742188,0.9958311711810273,0.0,-11.037338256835938,-0.5516265630722046,11.628941535949707,1.0,0.0,,
45626933,49123828,1776118076.8830836,0,1.0856437683105469,-0.6698738932609558,2.475827693939209,-10.64747142791748,0.0,-34.1290283203125,35.75135272821172,0.7391831111264295,-0.6735045124017006,0.0,1.0856437683105469,-0.6698738932609558,2.475827693939209,1.0,0.0,,
45626933,49123828,1776118077.9019554,1,2.4854156970977783,-0.604817807674408,2.5442793369293213,0.5205718278884888,0.0,-1.0254195928573608,1.1499914649278569,-0.4804010893891679,-0.8770489115857227,0.0,2.4854156970977783,-0.604817807674408,2.5442793369293213,1.0,0.0,,
45626933,49123828,1776118077.9019554,2,0.556331217288971,-0.5923794507980347,2.9058520793914795,-1.0152474641799927,0.0,-0.074224554002285,1.017957119892947,-0.5605468068557875,-0.8281227429093952,0.0,0.556331217288971,-0.5923794507980347,2.9058520793914795,1.0,0.0,,
45626933,49123828,1776118077.9019554,4,4.958721160888672,-0.6237305402755737,11.835977554321289,0.6687021851539612,0.0,0.6233679056167603,0.9141937202708782,-0.9901371734393888,0.14010131253295888,0.0,4.958721160888672,-0.6237305402755737,11.835977554321289,1.0,0.0,,
49123828,45626933,1776118077.9019554,3,-16.166725158691406,-0.7508141994476318,17.478111267089844,0.8789164423942566,0.0,-0.95513916015625,1.2979926532823531,0.9231970506502735,0.3843269515277799,5.8,-11.069009780883789,-0.7508141994476318,11.93830394744873,0.99,1.296492099761963,,
45626933,49123828,1776118078.941403,1,2.5918772220611572,-0.6063034534454346,2.3309950828552246,0.5189495086669922,0.0,-1.0220907926559448,1.1462888732678906,-0.6046751812608506,-0.7964721747601466,0.0,2.5918772220611572,-0.6063034534454346,2.3309950828552246,1.0,0.0,,
45626933,49123828,1776118078.941403,2,0.3145425319671631,-0.5913879871368408,2.8832857608795166,-1.0238817930221558,0.0,-0.07683245092630386,1.0267605132637345,-0.07966047802100615,-0.9968220544517787,0.0,0.3145425319671631,-0.5913879871368408,2.8832857608795166,1.0,0.0,,
49123828,45626933,1776118078.941403,4,5.2316131591796875,-0.6184305548667908,12.211091041564941,0.7673041224479675,0.0,0.8095528483390808,1.1154063970497767,-0.4308498243350506,-0.9024236415733223,,,,,0.0,0.0,,
49123828,45626933,1776118078.941403,3,-17.716949462890625,-0.7664399147033691,20.158220291137695,-5.260383605957031,-0.0,9.92822265625,11.235712740805424,0.0766018452547344,-0.9970617620306025,,,,,0.0,0.0,,
49123828,45626933,1776118080.067501,1,2.714716672897339,-0.6047898530960083,2.0887575149536133,0.5172827839851379,0.0,-1.017021894454956,1.1410149045512783,0.8884350651369484,-0.4590023257404111,,,,,0.39,0.0,,
45626933,49123828,1776118080.067501,2,0.037187609821558,-0.5897281169891357,2.8710858821868896,-1.0317256450653076,0.0,-0.07438613474369049,1.034403743094316,-0.4319320976259934,-0.9019061276210565,0.0,0.037187609821558,-0.5897281169891357,2.8710858821868896,1.0,0.0,,
49123828,45626933,1776118080.067501,4,5.463403224945068,-0.6179140210151672,12.456960678100586,0.7921449542045593,0.0,0.833031952381134,1.1495372382657585,,,,,,,0.0,0.0,,
49123828,45626933,1776118080.067501,3,-10.995223999023438,-0.5735881328582764,12.723730087280273,-3.4486289024353027,-0.0,3.97235107421875,5.260476628933825,-0.7243834073329252,-0.6893973304131235,,,,,0.0,0.0,,
45626933,49123828,1776118081.1469293,2,-0.26273179054260254,-0.5896522998809814,2.8592586517333984,-1.0402061939239502,0.0,-0.07181347161531448,1.042682166617994,-0.5836410902732616,-0.8120117472947288,0.0,-0.26273179054260254,-0.5896522998809814,2.8592586517333984,1.0,0.0,,
49123828,45626933,1776118081.1469293,4,5.779735088348389,-0.622138500213623,12.933694839477539,0.8520922064781189,0.0,0.9802688360214233,1.2988410677275128,0.9232038949658135,-0.38431051029076924,,,,,0.0,0.0,,
49123828,45626933,1776118081.1469293,1,2.83951997756958,-0.6038636565208435,1.8287005424499512,0.5142889022827148,0.0,-1.0128545761108398,1.1359434261264199,0.8574233523646876,0.5146116932403507,,,,,0.35,0.0,,
49123828,45626933,1776118081.1469293,3,-11.62747859954834,-0.5735883712768555,13.451997756958008,-3.44861102104187,-0.0,3.972412109375,5.260510996201851,-0.7243834073329252,-0.6893973304131235,,,,,0.0,0.0,,
45626933,49123828,1776118082.2054605,2,-0.5026733875274658,-0.5903252363204956,2.8414623737335205,-1.0393074750900269,0.0,-0.07213947176933289,1.0418081066900782,-0.5663910767797197,-0.824136607695781,0.0,-0.5026733875274658,-0.5903252363204956,2.8414623737335205,1.0,0.0,,
49123828,45626933,1776118082.2054605,4,5.914041996002197,-0.6221053004264832,13.068243026733398,0.8177576065063477,0.0,0.932225227355957,1.2400691019124122,-0.9955045864684445,-0.09471334816324119,,,,,0.0,0.0,,
49123828,45626933,1776118082.2054605,3,-10.86573314666748,-0.5796613693237305,13.793330192565918,20.398300170898438,0.0,-19.02094841003418,27.89062796495011,0.18040694000068971,0.9835920577147762,0.1,-8.825902938842773,-0.5796613693237305,11.8912353515625,0.93,27.38031768798828,,
49123828,45626933,1776118082.2054605,1,2.8480916023254395,-0.6038636565208435,1.8118197917938232,0.5142889022827148,0.0,-1.0128545761108398,1.1359434261264199,0.8574233523646876,0.5146116932403507,,,,,0.35,0.0,,
45626933,49123828,1776118083.2270122,2,-0.7120451331138611,-0.5898066163063049,2.8161861896514893,-1.0344260931015015,0.0,-0.0750192180275917,1.037142818112678,-0.5115481398849757,-0.8592546191788679,0.0,-0.7120451331138611,-0.5898066163063049,2.8161861896514893,1.0,0.0,,
49123828,45626933,1776118083.2270122,4,6.082394599914551,-0.6219683289527893,13.251622200012207,0.8133473992347717,0.0,0.9228076338768005,1.23008451782114,-0.9589696010336485,-0.2835089139575071,,,,,0.0,0.0,,
49123828,45626933,1776118083.2270122,1,2.8480916023254395,-0.6038636565208435,1.8118197917938232,0.5142889022827148,0.0,-1.0128545761108398,1.1359434261264199,0.8574233523646876,0.5146116932403507,,,,,0.35,0.0,,
49123828,45626933,1776118083.2270122,3,-11.27778148651123,-0.5717270374298096,14.472651481628418,9.5775146484375,0.0,-11.216207504272461,14.748969374838797,0.9967294570052989,0.08081082562331557,0.3,-8.404526710510254,-0.5717270374298096,11.107789039611816,0.97,14.70434856414795,,
45626933,49123828,1776118084.2896383,2,-0.9024081230163574,-0.58926922082901,2.8042612075805664,-1.0138319730758667,0.0,-0.07254191488027573,1.0164239268363384,-0.716176474352954,0.6979192342838623,0.0,-0.9024081230163574,-0.58926922082901,2.8042612075805664,1.0,0.0,,
49123828,45626933,1776118084.2896383,4,6.2626471519470215,-0.6197432279586792,13.42896556854248,0.8037663102149963,0.0,0.9004014134407043,1.206964368472677,-0.9526531938588544,0.3040590275432127,,,,,0.0,0.0,,
49123828,45626933,1776118084.2896383,1,2.8480916023254395,-0.6038636565208435,1.8118197917938232,0.5142889022827148,0.0,-1.0128545761108398,1.1359434261264199,0.8574233523646876,0.5146116932403507,,,,,0.35,0.0,,
49123828,45626933,1776118084.2896383,3,-9.362273216247559,-0.5717272162437439,12.229406356811523,9.577510833740234,0.0,-11.2161865234375,14.748950942319679,0.9967281961783341,0.08082637529349283,0.1,-8.404521942138672,-0.5717272162437439,11.1077880859375,0.97,14.704328536987305,,
45626933,49123828,1776118085.309477,2,-1.0274145603179932,-0.5902336239814758,2.8205764293670654,-0.9766634106636047,0.0,-0.06203591451048851,0.9786316326474521,-0.5985316257769356,0.8010991779703799,0.0,-1.0274145603179932,-0.5902336239814758,2.8205764293670654,1.0,0.0,,
49123828,45626933,1776118085.309477,1,2.8480916023254395,-0.6038636565208435,1.8118197917938232,0.5142889022827148,0.0,-1.0128545761108398,1.1359434261264199,0.8574233523646876,0.5146116932403507,,,,,0.35,0.0,,
49123828,45626933,1776118085.309477,3,-10.685625076293945,-0.6223409175872803,14.746685028076172,2.140380859375,0.0,-0.3675537109375,2.1717103751658025,-0.8058077845563344,-0.5921771815499245,7.5,5.367231369018555,-0.6223409175872803,11.990032196044922,0.66,-0.5495089292526245,,
49123828,45626933,1776118085.309477,4,6.507387161254883,-0.6215608716011047,13.751043319702148,0.8215088844299316,0.0,0.9401240348815918,1.2484830988681246,-0.9878211696471062,0.15559349856926216,,,,,0.0,0.0,,
45626933,49123828,1776118086.3351774,2,-1.0755914449691772,-0.5914110541343689,2.8578364849090576,-0.931047797203064,0.0,-0.047265440225601196,0.9322467605287763,-0.24185365226233355,0.9703127387019971,0.0,-1.0755914449691772,-0.5914110541343689,2.8578364849090576,1.0,0.0,,
49123828,45626933,1776118086.3351774,1,2.8480916023254395,-0.6038636565208435,1.8118197917938232,0.5142889022827148,0.0,-1.0128545761108398,1.1359434261264199,0.8574233523646876,0.5146116932403507,,,,,0.35,0.0,,
49123828,45626933,1776118086.3351774,3,-9.504718780517578,-0.574753999710083,13.04664134979248,3.2565360069274902,0.0,-5.6258544921875,6.500405028279508,-0.8606631261907144,-0.5091748061477771,0.2,-8.853411674499512,-0.574753999710083,11.921470642089844,0.95,6.456619739532471,,
49123828,45626933,1776118086.3351774,4,6.631330490112305,-0.6188457012176514,13.854875564575195,0.8011332750320435,0.0,0.9033334255218506,1.2074045726386033,,,,,,,0.0,0.0,,
45626933,49123828,1776118087.3406906,5,-0.03735436126589775,-0.6418794393539429,3.263057231903076,0.6496330499649048,0.0,0.5618705749511719,0.8589072374841563,0.2770174464536511,0.9608648887124029,0.0,-0.03735436126589775,-0.6418794393539429,3.263057231903076,1.0,0.0,,
49123828,45626933,1776118087.3406906,4,6.8037109375,-0.6181118488311768,14.034982681274414,0.79120934009552,0.0,0.8878141641616821,1.189212432637876,-0.4958908118947928,-0.8683848816500223,,,,,0.0,0.0,,
45626933,49123828,1776118087.3406906,2,-1.2465864419937134,-0.5853433609008789,2.867640256881714,-0.9147198796272278,0.0,-0.041313350200653076,0.9156523636675941,0.5063290467852524,0.8623403599400515,0.0,-1.2465864419937134,-0.5853433609008789,2.867640256881714,1.0,0.0,,
49123828,45626933,1776118087.3406906,1,3.449069023132324,-0.598538875579834,0.531257152557373,0.492862343788147,0.0,-0.9747982025146484,1.0923116888279347,0.16216530437132146,0.9867636059655608,,,,,0.0,0.0,,
49123828,45626933,1776118087.3406906,3,-9.233343124389648,-0.574753999710083,12.577821731567383,3.256586790084839,0.0,-5.6258544921875,6.500430469485951,-0.8606631261907144,-0.5091748061477771,0.2,-8.582025527954102,-0.574753999710083,11.452651023864746,0.95,6.453278541564941,,
45626933,49123828,1776118088.3522122,5,0.10417170077562332,-0.6027076840400696,3.531242609024048,0.8822479844093323,0.0,-2.8476390838623047,2.981175918649296,0.652159877803144,0.7580814559028525,0.0,0.10417170077562332,-0.6027076840400696,3.531242609024048,1.0,0.0,,
49123828,45626933,1776118088.3522122,1,3.514784336090088,-0.598538875579834,0.4012841582298279,0.4928623139858246,0.0,-0.9747982025146484,1.0923116753808186,0.16216528844325376,0.9867636085831887,,,,,0.0,0.0,,
45626933,49123828,1776118088.3522122,2,-1.493705153465271,-0.5803794860839844,2.8513009548187256,-0.923261284828186,0.0,-0.043148286640644073,0.9242689947751228,0.9545895044665694,0.2979242822635804,0.0,-1.493705153465271,-0.5803794860839844,2.8513009548187256,1.0,0.0,,
49123828,45626933,1776118088.3522122,3,-9.233343124389648,-0.574753999710083,12.577821731567383,3.256586790084839,0.0,-5.6258544921875,6.500430469485951,-0.8606631261907144,-0.5091748061477771,0.2,-8.582025527954102,-0.574753999710083,11.452651023864746,0.95,6.453278541564941,,
49123828,45626933,1776118088.3522122,4,7.019740104675293,-0.6193779110908508,14.31326675415039,0.8016078472137451,0.0,0.9117826223373413,1.2140521780842097,-0.7158355787188322,-0.6982688767518388,,,,,0.0,0.0,,
45626933,49123828,1776118089.3626955,5,0.27665314078330994,-0.5871595740318298,3.702601432800293,0.6263042092323303,0.0,-0.4694807529449463,0.782731844176464,0.38713152808708495,0.9220245007378917,0.0,0.27665314078330994,-0.5871595740318298,3.702601432800293,1.0,0.0,,
49123828,45626933,1776118089.3626955,1,3.514784336090088,-0.598538875579834,0.4012841582298279,0.4928623139858246,0.0,-0.9747982025146484,1.0923116753808186,0.16216528844325376,0.9867636085831887,,,,,0.0,0.0,,
45626933,49123828,1776118089.3626955,2,-1.586031436920166,-0.5803794860839844,2.8469865322113037,-0.923261284828186,0.0,-0.043148286640644073,0.9242689947751228,0.9545894497429571,0.29792445760534375,0.0,-1.586031436920166,-0.5803794860839844,2.8469865322113037,1.0,0.0,,
49123828,45626933,1776118089.3626955,3,-9.233343124389648,-0.574753999710083,12.577821731567383,3.256586790084839,0.0,-5.6258544921875,6.500430469485951,-0.8606631261907144,-0.5091748061477771,0.2,-8.582025527954102,-0.574753999710083,11.452651023864746,0.95,6.453278541564941,,
49123828,45626933,1776118089.3626955,4,7.086543083190918,-0.6193779706954956,14.389250755310059,0.8016077876091003,0.0,0.9117827415466309,1.2140522282578483,-0.7158355787188322,-0.6982688767518388,,,,,0.0,0.0,,
45626933,49123828,1776118090.3899915,5,0.4380137324333191,-0.6245737671852112,3.891671657562256,0.15177074074745178,0.0,0.31030142307281494,0.34542919811163086,0.11099015335974946,0.9938215060347503,0.0,0.4380137324333191,-0.6245737671852112,3.891671657562256,1.0,0.0,,
49123828,45626933,1776118090.3899915,1,3.514784336090088,-0.598538875579834,0.4012841582298279,0.4928623139858246,0.0,-0.9747982025146484,1.0923116753808186,0.16216528844325376,0.9867636085831887,,,,,0.0,0.0,,
45626933,49123828,1776118090.3899915,2,-1.586031436920166,-0.5803794860839844,2.8469865322113037,-0.923261284828186,0.0,-0.043148286640644073,0.9242689947751228,0.9545894497429571,0.29792445760534375,0.0,-1.586031436920166,-0.5803794860839844,2.8469865322113037,1.0,0.0,,
49123828,45626933,1776118090.3899915,3,-9.233343124389648,-0.574753999710083,12.577821731567383,3.256586790084839,0.0,-5.6258544921875,6.500430469485951,-0.8606631261907144,-0.5091748061477771,0.2,-8.582025527954102,-0.574753999710083,11.452651023864746,0.95,6.453278541564941,,
49123828,45626933,1776118090.3899915,4,7.086543083190918,-0.6193779706954956,14.389250755310059,0.8016077876091003,0.0,0.9117827415466309,1.2140522282578483,-0.7158355787188322,-0.6982688767518388,,,,,0.0,0.0,,
45626933,49123828,1776118091.4169533,6,0.6211919188499451,-0.5833006501197815,4.056211948394775,0.8738411664962769,0.0,0.6404383182525635,1.0834018754597694,0.15500665483932516,0.9879134258403023,0.0,0.6211919188499451,-0.5833006501197815,4.056211948394775,1.0,0.0,,
49123828,45626933,1776118091.4169533,1,3.514784336090088,-0.598538875579834,0.4012841582298279,0.4928623139858246,0.0,-0.9747982025146484,1.0923116753808186,0.16216528844325376,0.9867636085831887,,,,,0.0,0.0,,
45626933,49123828,1776118091.4169533,2,-1.586031436920166,-0.5803794860839844,2.8469865322113037,-0.923261284828186,0.0,-0.043148286640644073,0.9242689947751228,0.9545894497429571,0.29792445760534375,0.0,-1.586031436920166,-0.5803794860839844,2.8469865322113037,1.0,0.0,,
49123828,45626933,1776118091.4169533,3,-9.233343124389648,-0.574753999710083,12.577821731567383,3.256586790084839,0.0,-5.6258544921875,6.500430469485951,-0.8606631261907144,-0.5091748061477771,0.2,-8.582025527954102,-0.574753999710083,11.452651023864746,0.95,6.453278541564941,,
49123828,45626933,1776118091.4169533,4,7.086543083190918,-0.6193779706954956,14.389250755310059,0.8016077876091003,0.0,0.9117827415466309,1.2140522282578483,-0.7158355787188322,-0.6982688767518388,,,,,0.0,0.0,,
49123828,45626933,1776118091.4169533,5,1.9526704549789429,-0.6869878768920898,15.307882308959961,6.770145416259766,0.0,51.715576171875,52.156837401689806,0.1034755421590896,0.9946319983666736,,,,,0.0,0.0,,
45626933,49123828,1776118092.4661086,6,0.880733072757721,-0.5926071405410767,4.306417465209961,1.023929476737976,0.0,0.9332292079925537,1.3854054742144317,0.4642299314362817,0.8857147231240232,0.0,0.880733072757721,-0.5926071405410767,4.306417465209961,1.0,0.0,,
49123828,45626933,1776118092.4661086,1,3.514784336090088,-0.598538875579834,0.4012841582298279,0.4928623139858246,0.0,-0.9747982025146484,1.0923116753808186,0.16216528844325376,0.9867636085831887,,,,,0.0,0.0,,
45626933,49123828,1776118092.4661086,2,-1.586031436920166,-0.5803794860839844,2.8469865322113037,-0.923261284828186,0.0,-0.043148286640644073,0.9242689947751228,0.9545894497429571,0.29792445760534375,0.0,-1.586031436920166,-0.5803794860839844,2.8469865322113037,1.0,0.0,,
49123828,45626933,1776118092.4661086,3,-9.233343124389648,-0.574753999710083,12.577821731567383,3.256586790084839,0.0,-5.6258544921875,6.500430469485951,-0.8606631261907144,-0.5091748061477771,0.2,-8.582025527954102,-0.574753999710083,11.452651023864746,0.95,6.453278541564941,,
49123828,45626933,1776118092.4661086,4,7.086543083190918,-0.6193779706954956,14.389250755310059,0.8016077876091003,0.0,0.9117827415466309,1.2140522282578483,-0.7158355787188322,-0.6982688767518388,,,,,0.0,0.0,,
49123828,45626933,1776118092.4661086,5,2.178339958190918,-0.6869878768920898,17.031736373901367,6.770136833190918,0.0,51.715576171875,52.156836287577235,0.1034755421590896,0.9946319983666736,,,,,0.0,0.0,,
45626933,49123828,1776118093.5221374,6,1.0662496089935303,-0.6036911606788635,4.51578950881958,0.9454063773155212,0.0,0.9448613524436951,1.3366211855311085,0.013820922639523097,0.9999044864872806,0.0,1.0662496089935303,-0.6036911606788635,4.51578950881958,1.0,0.0,,
49123828,45626933,1776118093.5221374,1,3.514784336090088,-0.598538875579834,0.4012841582298279,0.4928623139858246,0.0,-0.9747982025146484,1.0923116753808186,0.16216528844325376,0.9867636085831887,,,,,0.0,0.0,,
45626933,49123828,1776118093.5221374,2,-1.586031436920166,-0.5803794860839844,2.8469865322113037,-0.923261284828186,0.0,-0.043148286640644073,0.9242689947751228,0.9545894497429571,0.29792445760534375,0.0,-1.586031436920166,-0.5803794860839844,2.8469865322113037,1.0,0.0,,
49123828,45626933,1776118093.5221374,3,-9.233343124389648,-0.574753999710083,12.577821731567383,3.256586790084839,0.0,-5.6258544921875,6.500430469485951,-0.8606631261907144,-0.5091748061477771,0.2,-8.582025527954102,-0.574753999710083,11.452651023864746,0.95,6.453278541564941,,
49123828,45626933,1776118093.5221374,4,7.086543083190918,-0.6193779706954956,14.389250755310059,0.8016077876091003,0.0,0.9117827415466309,1.2140522282578483,-0.7158355787188322,-0.6982688767518388,,,,,0.0,0.0,,
49123828,45626933,1776118093.5221374,5,2.178339958190918,-0.6869878768920898,17.031736373901367,6.770136833190918,0.0,51.715576171875,52.156836287577235,0.1034755421590896,0.9946319983666736,,,,,0.0,0.0,,
45626933,49123828,1776118094.5642073,6,1.23990797996521,-0.5985956192016602,4.74739933013916,0.8945021033287048,0.0,0.9885328412055969,1.3331658527735726,-0.17595756662446665,0.9843977523072655,0.0,1.23990797996521,-0.5985956192016602,4.74739933013916,1.0,0.0,,
49123828,45626933,1776118094.5642073,4,7.955781936645508,-0.6176711320877075,15.327146530151367,0.7638152241706848,0.0,0.8598478436470032,1.1501095647369057,,,,,,,0.0,0.0,,
49123828,45626933,1776118094.5642073,1,3.514784336090088,-0.598538875579834,0.4012841582298279,0.4928623139858246,0.0,-0.9747982025146484,1.0923116753808186,0.16216528844325376,0.9867636085831887,,,,,0.0,0.0,,
45626933,49123828,1776118094.5642073,2,-1.586031436920166,-0.5803794860839844,2.8469865322113037,-0.923261284828186,0.0,-0.043148286640644073,0.9242689947751228,0.9545894497429571,0.29792445760534375,0.0,-1.586031436920166,-0.5803794860839844,2.8469865322113037,1.0,0.0,,
49123828,45626933,1776118094.5642073,3,-9.233343124389648,-0.574753999710083,12.577821731567383,3.256586790084839,0.0,-5.6258544921875,6.500430469485951,-0.8606631261907144,-0.5091748061477771,0.2,-8.582025527954102,-0.574753999710083,11.452651023864746,0.95,6.453278541564941,,
49123828,45626933,1776118094.5642073,5,2.178339958190918,-0.6869878768920898,17.031736373901367,6.770136833190918,0.0,51.715576171875,52.156836287577235,0.1034755421590896,0.9946319983666736,,,,,0.0,0.0,,
45626933,49123828,1776118095.5855596,6,1.4209070205688477,-0.5948961973190308,4.926409721374512,0.8605706095695496,0.0,0.9251525402069092,1.2635224559564435,0.12662139104161066,0.9919511194260973,0.0,1.4209070205688477,-0.5948961973190308,4.926409721374512,1.0,0.0,,
49123828,45626933,1776118095.5855596,1,3.514784336090088,-0.598538875579834,0.4012841582298279,0.4928623139858246,0.0,-0.9747982025146484,1.0923116753808186,0.16216528844325376,0.9867636085831887,,,,,0.0,0.0,,
45626933,49123828,1776118095.5855596,2,-1.586031436920166,-0.5803794860839844,2.8469865322113037,-0.923261284828186,0.0,-0.043148286640644073,0.9242689947751228,0.9545894497429571,0.29792445760534375,0.0,-1.586031436920166,-0.5803794860839844,2.8469865322113037,1.0,0.0,,
49123828,45626933,1776118095.5855596,3,-9.233343124389648,-0.574753999710083,12.577821731567383,3.256586790084839,0.0,-5.6258544921875,6.500430469485951,-0.8606631261907144,-0.5091748061477771,0.2,-8.582025527954102,-0.574753999710083,11.452651023864746,0.95,6.453278541564941,,
49123828,45626933,1776118095.5855596,4,8.121277809143066,-0.6176712512969971,15.513449668884277,0.7638154029846191,0.0,0.8598480224609375,1.1501098171768385,,,,,,,0.0,0.0,,
49123828,45626933,1776118095.5855596,5,2.178339958190918,-0.6869878768920898,17.031736373901367,6.770136833190918,0.0,51.715576171875,52.156836287577235,0.1034755421590896,0.9946319983666736,,,,,0.0,0.0,,
45626933,49123828,1776118096.6481583,6,1.5973156690597534,-0.5935977101325989,5.142625331878662,0.8350383043289185,0.0,0.9262248277664185,1.2470691244944874,0.18284306747085227,0.9831421121475009,0.0,1.5973156690597534,-0.5935977101325989,5.142625331878662,1.0,0.0,,
49123828,45626933,1776118096.6481583,4,8.084135055541992,-0.6154229640960693,15.005932807922363,0.7127978801727295,0.0,0.6915119886398315,0.9931110957044792,-0.3959862675910561,0.9182564325281388,,,,,0.0,0.0,,
49123828,45626933,1776118096.6481583,1,3.514784336090088,-0.598538875579834,0.4012841582298279,0.4928623139858246,0.0,-0.9747982025146484,1.0923116753808186,0.16216528844325376,0.9867636085831887,,,,,0.0,0.0,,
45626933,49123828,1776118096.6481583,2,-1.586031436920166,-0.5803794860839844,2.8469865322113037,-0.923261284828186,0.0,-0.043148286640644073,0.9242689947751228,0.9545894497429571,0.29792445760534375,0.0,-1.586031436920166,-0.5803794860839844,2.8469865322113037,1.0,0.0,,
49123828,45626933,1776118096.6481583,5,2.178339958190918,-0.6869878768920898,17.031736373901367,6.770136833190918,0.0,51.715576171875,52.156836287577235,0.1034755421590896,0.9946319983666736,,,,,0.0,0.0,,
45626933,49123828,1776118097.6630137,6,1.7930338382720947,-0.5912035703659058,5.3376336097717285,0.8362887501716614,0.0,0.9083483815193176,1.2346965845390694,0.04291828312911188,0.999078585984731,0.0,1.7930338382720947,-0.5912035703659058,5.3376336097717285,1.0,0.0,,
45626933,49123828,1776118097.6630137,2,-1.586031436920166,-0.5803794860839844,2.8469865322113037,-0.923261284828186,0.0,-0.043148286640644073,0.9242689947751228,0.9545894497429571,0.29792445760534375,0.0,-1.586031436920166,-0.5803794860839844,2.8469865322113037,1.0,0.0,,
49123828,45626933,1776118097.6630137,4,8.204322814941406,-0.6157345771789551,14.956871032714844,0.7025368213653564,0.0,0.6430997848510742,0.9524365168606445,-0.7710214151377888,0.6368092158558334,,,,,0.0,0.0,,
49123828,45626933,1776118097.6630137,5,2.178339958190918,-0.6869878768920898,17.031736373901367,6.770136833190918,0.0,51.715576171875,52.156836287577235,0.1034755421590896,0.9946319983666736,,,,,0.0,0.0,,
45626933,49123828,1776118098.702051,6,1.956130862236023,-0.5929096341133118,5.499167442321777,0.8332865238189697,0.0,0.8930696249008179,1.2214498703175625,-0.22891912617582322,0.9734454446299996,0.0,1.956130862236023,-0.5929096341133118,5.499167442321777,1.0,0.0,,
49123828,45626933,1776118098.702051,4,8.25115966796875,-0.6157345771789551,14.999747276306152,0.702536940574646,0.0,0.6430997848510742,0.9524366047918789,-0.7710214151377888,0.6368092158558334,,,,,0.0,0.0,,
49123828,45626933,1776118098.702051,5,2.178339958190918,-0.6869878768920898,17.031736373901367,6.770136833190918,0.0,51.715576171875,52.156836287577235,0.1034755421590896,0.9946319983666736,,,,,0.0,0.0,,
45626933,49123828,1776118099.7116575,6,2.15142560005188,-0.5914966464042664,5.724597930908203,0.824191153049469,0.0,0.8948974609375,1.2166069711938188,-0.07526199792656739,0.9971637938012498,0.0,2.15142560005188,-0.5914966464042664,5.724597930908203,1.0,0.0,,
49123828,45626933,1776118099.7116575,4,8.267648696899414,-0.6110012531280518,14.526105880737305,0.6531029343605042,0.0,0.49704116582870483,0.820727338035391,-0.7706576713802781,0.6372493652744797,,,,,0.0,0.0,,
49123828,45626933,1776118099.7116575,5,2.178339958190918,-0.6869878768920898,17.031736373901367,6.770136833190918,0.0,51.715576171875,52.156836287577235,0.1034755421590896,0.9946319983666736,,,,,0.0,0.0,,
45626933,49123828,1776118100.7568033,6,2.3401756286621094,-0.5892015695571899,5.943089485168457,0.8136798143386841,0.0,0.8922287821769714,1.207537593620686,-0.2694548689454103,0.9630130183967461,0.0,2.3401756286621094,-0.5892015695571899,5.943089485168457,1.0,0.0,,
49123828,45626933,1776118100.7568033,4,8.32316780090332,-0.6082561016082764,14.194808006286621,0.632270336151123,0.0,0.40545880794525146,0.751107597429981,-0.8837140213021474,-0.46802727330144744,,,,,0.0,0.0,,
45626933,49123828,1776118101.7799358,6,2.549363374710083,-0.589915931224823,6.173874855041504,0.8167778253555298,0.0,0.8961461186408997,1.212519641881177,-0.15638471187702987,0.9876962194375042,0.0,2.549363374710083,-0.589915931224823,6.173874855041504,1.0,0.0,,
49123828,45626933,1776118101.7799358,8,-7.300433158874512,-0.5799829959869385,14.614753723144531,0.8647586703300476,0.0,0.5194790363311768,1.0087943433121342,0.03993297846317559,-0.9992023605011447,,,,,0.0,0.0,,
49123828,45626933,1776118101.7799358,4,8.360111236572266,-0.6061684489250183,13.954719543457031,0.6103061437606812,0.0,0.341295063495636,0.6992538233563856,0.0013651017312894234,-0.9999990682481976,,,,,0.0,0.0,,
45626933,49123828,1776118102.8327575,6,2.7256052494049072,-0.587842583656311,6.321133613586426,0.8173962235450745,0.0,0.8737968802452087,1.1965189401727032,-0.08529598938308387,0.9963556564777263,0.0,2.7256052494049072,-0.587842583656311,6.321133613586426,1.0,0.0,,
49123828,45626933,1776118102.8327575,4,8.413848876953125,-0.6052076816558838,13.787554740905762,0.5963824391365051,0.0,0.2969663739204407,0.6662289703621888,0.9382996826776692,-0.34582322866890425,,,,,0.0,0.0,,
45626933,49123828,1776118103.8541336,6,2.9034347534179688,-0.5860677361488342,6.45439338684082,0.8189078569412231,0.0,0.8490175008773804,1.1795934871624798,-0.1460565779351877,0.9892762384904746,0.0,2.9034347534179688,-0.5860677361488342,6.45439338684082,1.0,0.0,,
49123828,45626933,1776118103.8541336,4,8.463550567626953,-0.6052078008651733,13.812301635742188,0.5963826179504395,0.0,0.2969663739204407,0.6662291304295204,0.9382996826776692,-0.34582322866890425,,,,,0.0,0.0,,
45626933,49123828,1776118104.8930779,6,3.0987610816955566,-0.5850796699523926,6.652580738067627,0.8207935094833374,0.0,0.8490421175956726,1.1809210399774057,-0.006542360621212538,0.9999785985297396,0.0,3.0987610816955566,-0.5850796699523926,6.652580738067627,1.0,0.0,,
49123828,45626933,1776118104.8930779,9,11.443782806396484,-0.7121561765670776,15.72079086303711,0.3762059211730957,0.0,-0.47577571868896484,0.6065421911291072,-0.6157367862542409,0.7879519084647865,7.8,14.378189086914062,-0.7121561765670776,12.009739875793457,0.43,0.014949113130569458,,
49123828,45626933,1776118104.8930779,4,8.463550567626953,-0.6052078008651733,13.812301635742188,0.5963826179504395,0.0,0.2969663739204407,0.6662291304295204,0.9382996826776692,-0.34582322866890425,,,,,0.0,0.0,,
45626933,49123828,1776118105.8980932,6,3.2663161754608154,-0.5822338461875916,6.821832180023193,0.81681889295578,0.0,0.8436959981918335,1.1743151371137224,0.20894381230597234,0.9779276472720497,0.0,3.2663161754608154,-0.5822338461875916,6.821832180023193,1.0,0.0,,
49123828,45626933,1776118105.8980932,4,8.463550567626953,-0.6052078008651733,13.812301635742188,0.5963826179504395,0.0,0.2969663739204407,0.6662291304295204,0.9382996826776692,-0.34582322866890425,,,,,0.0,0.0,,
49123828,45626933,1776118105.8980932,9,10.228872299194336,-0.6254146099090576,13.787574768066406,0.061614833772182465,0.0,-1.0942060947418213,1.0959394898948214,0.9997285537865365,-0.02329847084853798,1.7,10.333617210388184,-0.6254146099090576,11.927424430847168,0.69,0.7834610342979431,,
45626933,49123828,1776118106.9668245,6,3.46865177154541,-0.5819339752197266,7.0176591873168945,0.8164209127426147,0.0,0.8383894562721252,1.1702307409873294,0.60394734430771,0.7970242187685794,0.0,3.46865177154541,-0.5819339752197266,7.0176591873168945,1.0,0.0,,
49123828,45626933,1776118106.9668245,4,8.463550567626953,-0.6052078008651733,13.812301635742188,0.5963826179504395,0.0,0.2969663739204407,0.6662291304295204,0.9382996826776692,-0.34582322866890425,,,,,0.0,0.0,,
49123828,45626933,1776118106.9668245,9,10.23503303527832,-0.6254146099090576,13.678155899047852,0.061614833772182465,0.0,-1.0942060947418213,1.0959394898948214,0.9997285537865365,-0.02329847084853798,1.6,10.333617210388184,-0.6254146099090576,11.9274263381958,0.69,0.7834610342979431,,
45626933,49123828,1776118108.0120687,6,3.678295612335205,-0.5817673206329346,7.218566417694092,0.8186191916465759,0.0,0.8354424834251404,1.169658721184799,0.7395652808266225,0.6730848352145805,0.0,3.678295612335205,-0.5817673206329346,7.218566417694092,1.0,0.0,,
49123828,45626933,1776118108.0120687,4,8.463550567626953,-0.6052078008651733,13.812301635742188,0.5963826179504395,0.0,0.2969663739204407,0.6662291304295204,0.9382996826776692,-0.34582322866890425,,,,,0.0,0.0,,
49123828,45626933,1776118108.0120687,9,10.23503303527832,-0.6254146099090576,13.678155899047852,0.061614833772182465,0.0,-1.0942060947418213,1.0959394898948214,0.9997285537865365,-0.02329847084853798,1.6,10.333617210388184,-0.6254146099090576,11.9274263381958,0.69,0.7834610342979431,,
45626933,49123828,1776118109.0912747,6,3.846726179122925,-0.5819656252861023,7.383668422698975,0.8158316016197205,0.0,0.8305968046188354,1.1642475054920316,0.9999991300820231,-0.0013190281259429556,0.0,3.846726179122925,-0.5819656252861023,7.383668422698975,1.0,0.0,,
49123828,45626933,1776118109.0912747,4,8.463550567626953,-0.6052078008651733,13.812301635742188,0.5963826179504395,0.0,0.2969663739204407,0.6662291304295204,0.9382996826776692,-0.34582322866890425,,,,,0.0,0.0,,
49123828,45626933,1776118109.0912747,9,10.730710983276367,-0.6278934478759766,13.058692932128906,0.5151724815368652,0.0,-1.0914487838745117,1.206923002330307,-0.6641736709004022,0.7475783135449316,1.0,11.24588394165039,-0.6278934478759766,11.967244148254395,0.5,0.4388589560985565,,
45626933,49123828,1776118110.1421947,6,4.035981178283691,-0.5833572745323181,7.589110851287842,0.8069528937339783,0.0,0.8262864947319031,1.154955559353682,0.8073432760210612,-0.5900820575679121,0.0,4.035981178283691,-0.5833572745323181,7.589110851287842,1.0,0.0,,
49123828,45626933,1776118110.1421947,4,8.463550567626953,-0.6052078008651733,13.812301635742188,0.5963826179504395,0.0,0.2969663739204407,0.6662291304295204,0.9382996826776692,-0.34582322866890425,,,,,0.0,0.0,,
49123828,45626933,1776118110.1421947,9,10.979105949401855,-0.6263066530227661,12.904223442077637,0.6093268394470215,0.0,-0.9754304885864258,1.150106010476621,-0.00012294829931048845,0.9999999924418578,1.0,11.588432312011719,-0.6263066530227661,11.928792953491211,0.44,0.27162396907806396,,
45626933,49123828,1776118111.2229996,6,4.184183597564697,-0.5832048058509827,7.773272514343262,0.7909384965896606,0.0,0.8209103345870972,1.1399462631279653,,,0.0,4.184183597564697,-0.5832048058509827,7.773272514343262,1.0,0.0,,
49123828,45626933,1776118111.2229996,11,-4.665548324584961,-0.5850054025650024,12.498466491699219,-4.156356334686279,0.0,-1.8701329231262207,4.557707223050575,-0.5613576590907765,-0.8275733070732305,0.3,-5.9124555587768555,-0.5850054025650024,11.937426567077637,0.34,-0.14004409313201904,,
49123828,45626933,1776118111.2229996,4,8.463550567626953,-0.6052078008651733,13.812301635742188,0.5963826179504395,0.0,0.2969663739204407,0.6662291304295204,0.9382996826776692,-0.34582322866890425,,,,,0.0,0.0,,
49123828,45626933,1776118111.2229996,9,11.298402786254883,-0.6350603103637695,12.753825187683105,0.7028331756591797,0.0,-0.9450203776359558,1.177725768994791,-0.4788307109508289,0.877907256064286,0.8,11.860669136047363,-0.6350603103637695,11.997808456420898,0.4,0.1745365858078003,,
45626933,49123828,1776118112.2425635,6,4.262644290924072,-0.5825031399726868,7.927640438079834,0.7571594715118408,0.0,0.8094022274017334,1.1083421994235252,-0.26269324224837565,-0.9648794020379108,0.0,4.262644290924072,-0.5825031399726868,7.927640438079834,1.0,0.0,,
49123828,45626933,1776118112.2425635,9,11.50239086151123,-0.6307924389839172,12.607705116271973,0.7463863492012024,0.0,-0.8503472805023193,1.1314517575803174,0.9253440220562813,0.37912852813353976,0.7,12.024861335754395,-0.6307924389839172,12.01246166229248,0.36,0.06975358724594116,,
45626933,49123828,1776118113.2470217,6,4.261019706726074,-0.5818199515342712,8.024415969848633,0.7154908180236816,0.0,0.7954103946685791,1.0698620502770542,-0.1300773473212757,-0.9915038495708729,0.0,4.261019706726074,-0.5818199515342712,8.024415969848633,1.0,0.0,,
49123828,45626933,1776118113.2470217,9,11.810352325439453,-0.633063018321991,12.674290657043457,0.8540703058242798,0.0,-0.6882657408714294,1.096880037810916,0.9832439917066371,0.18229441234661706,1.0,12.664422988891602,-0.633063018321991,11.986024856567383,0.0,-0.14989975094795227,,
49123828,45626933,1776118113.2470217,11,-4.589328765869141,-0.5794470310211182,13.404452323913574,-3.1010971069335938,-0.0,13.477154731750488,13.829334869406283,0.9048253432306131,0.42578292385628047,,,,,0.0,0.0,,
45626933,49123828,1776118114.276626,6,4.282644748687744,-0.5828012228012085,8.122454643249512,0.6809592843055725,0.0,0.7795091271400452,1.0350555667096297,0.014708767536391954,-0.9998918202273487,0.0,4.282644748687744,-0.5828012228012085,8.122454643249512,1.0,0.0,,
49123828,45626933,1776118114.276626,11,-4.209216594696045,-0.581688642501831,12.452841758728027,1.2870091199874878,0.0,2.0133235454559326,2.3895322081148467,-0.8722549830299267,-0.4890513721271645,,,,,0.0,0.0,,
49123828,45626933,1776118114.276626,9,12.087413787841797,-0.6357292532920837,12.656317710876465,0.9215633869171143,0.0,-0.5905160903930664,1.0945265319393838,,,1.1,13.101133346557617,-0.6357292532920837,12.006750106811523,0.0,-0.2828366458415985,,
45626933,49123828,1776118115.2962737,6,4.167200565338135,-0.5786833167076111,8.07503604888916,0.6120104193687439,0.0,0.7283390760421753,0.9513330453137194,0.2035002494103953,-0.97907489421898,0.0,4.167200565338135,-0.5786833167076111,8.07503604888916,1.0,0.0,,
49123828,45626933,1776118115.2962737,9,12.35190486907959,-0.6331486701965332,12.586976051330566,0.9717255234718323,0.0,-0.5030744075775146,1.0942277425317244,0.04027377476852355,0.9991886824148352,1.2,13.517975807189941,-0.6331486701965332,11.98328685760498,0.0,-0.39557769894599915,,
49123828,45626933,1776118115.2962737,11,-3.710827350616455,-0.5488995313644409,12.076930046081543,2.122988700866699,0.0,-2.3068413734436035,3.1350595123918854,,,0.1,-3.498528480529785,-0.5488995313644409,11.846245765686035,0.8,2.8008739948272705,,
45626933,49123828,1776118116.3281298,12,2.59352707862854,-0.6129764318466187,7.307886600494385,4.571554660797119,0.0,-8.529037475585938,9.676961934233553,0.01784114598336513,-0.9998408340881063,0.0,2.59352707862854,-0.6129764318466187,7.307886600494385,1.0,0.0,,
49123828,45626933,1776118116.3281298,11,-3.8819222450256348,-0.6013518571853638,13.662065505981445,-4.158334732055664,-0.0,18.757801055908203,19.213194637978646,-0.9707905627446614,-0.23992849619397813,,,,,0.0,0.0,,
45626933,49123828,1776118116.3281298,6,4.330404281616211,-0.5786833763122559,8.269264221191406,0.6120104789733887,0.0,0.7283391952514648,0.9513331749249513,0.2035002494103953,-0.97907489421898,0.0,4.330404281616211,-0.5786833763122559,8.269264221191406,1.0,0.0,,
49123828,45626933,1776118116.3281298,9,12.605682373046875,-0.6299232244491577,12.495582580566406,0.9980080127716064,0.0,-0.44238898158073425,1.0916629537455094,0.044051228421027586,0.9990292734823131,1.1,13.7034912109375,-0.6299232244491577,12.008955001831055,0.0,-0.4610026776790619,,
45626933,49123828,1776118117.396735,12,2.3507180213928223,-0.5715492963790894,7.607202053070068,10.819908142089844,0.0,36.359439849853516,37.93519840989866,-0.023459186732453303,-0.9997247954101428,0.0,2.3507180213928223,-0.5715492963790894,7.607202053070068,1.0,0.0,,
45626933,49123828,1776118117.396735,6,4.330404281616211,-0.5786833763122559,8.269264221191406,0.6120104789733887,0.0,0.7283391952514648,0.9513331749249513,0.2035002494103953,-0.97907489421898,0.0,4.330404281616211,-0.5786833763122559,8.269264221191406,1.0,0.0,,
49123828,45626933,1776118117.396735,9,12.86077880859375,-0.6185259819030762,12.628952026367188,1.1220461130142212,0.0,-0.19013643264770508,1.1380418897168583,-0.8160722629449838,0.5779498781484889,,,,,0.0,0.0,,
49123828,45626933,1776118117.396735,11,-3.4254472255706787,-0.5747277736663818,12.921903610229492,0.3492469787597656,0.0,2.5853476524353027,2.6088303770321204,-0.9643666904852822,-0.2645692466679831,,,,,0.0,0.0,,
45626933,49123828,1776118118.402122,12,1.7158212661743164,-0.5778285264968872,6.526560306549072,-1.2803146839141846,0.0,-3.0106098651885986,3.271540531648231,0.44263695011299387,-0.896700914683746,0.0,1.7158212661743164,-0.5778285264968872,6.526560306549072,1.0,0.0,,
49123828,45626933,1776118118.402122,9,13.207372665405273,-0.6143397688865662,12.735993385314941,1.1959513425827026,0.0,-0.04856105148792267,1.1969368360723893,-0.39556504852605656,0.9184379632749174,,,,,0.0,0.0,,
49123828,45626933,1776118118.402122,11,-2.9339332580566406,-0.5727277994155884,12.825516700744629,0.7337479591369629,0.0,-0.06995296478271484,0.7370749519686244,-0.9965709232648727,-0.08274294473246059,,,,,0.45,0.0,,
45626933,49123828,1776118118.402122,6,4.330404281616211,-0.5786833763122559,8.269264221191406,0.6120104789733887,0.0,0.7283391952514648,0.9513331749249513,0.2035002494103953,-0.97907489421898,0.0,4.330404281616211,-0.5786833763122559,8.269264221191406,1.0,0.0,,
45626933,49123828,1776118119.4438603,12,1.4445903301239014,-0.5920918583869934,6.577319145202637,-2.9066905975341797,0.0,-5.796487808227539,6.48445226219795,0.40097392453524366,-0.916089467160716,0.0,1.4445903301239014,-0.5920918583869934,6.577319145202637,1.0,0.0,,
49123828,45626933,1776118119.4438603,9,13.462248802185059,-0.6122740507125854,12.840049743652344,1.249920129776001,0.0,0.07328211516141891,1.2520665314677917,-0.7272755219965762,0.6863456236508014,,,,,0.0,0.0,,
45626933,49123828,1776118119.4438603,6,4.330404281616211,-0.5786833763122559,8.269264221191406,0.6120104789733887,0.0,0.7283391952514648,0.9513331749249513,0.2035002494103953,-0.97907489421898,0.0,4.330404281616211,-0.5786833763122559,8.269264221191406,1.0,0.0,,
49123828,45626933,1776118119.4438603,11,-3.397718906402588,-0.5777420997619629,15.419425964355469,-2.9434173107147217,-0.0,15.0361328125,15.321520662785213,-0.9340349145565433,-0.35718171620248274,,,,,0.0,0.0,,
45626933,49123828,1776118120.4596086,12,1.229984998703003,-0.5793660879135132,6.755448818206787,-2.7720870971679688,0.0,-2.32259464263916,3.6164779479904565,0.9401802436304133,-0.34067742732246975,0.0,1.229984998703003,-0.5793660879135132,6.755448818206787,1.0,0.0,,
45626933,49123828,1776118120.4596086,6,4.330404281616211,-0.5786833763122559,8.269264221191406,0.6120104789733887,0.0,0.7283391952514648,0.9513331749249513,0.2035002494103953,-0.97907489421898,0.0,4.330404281616211,-0.5786833763122559,8.269264221191406,1.0,0.0,,
49123828,45626933,1776118120.4596086,9,13.73306655883789,-0.6122740507125854,12.855926513671875,1.24992036819458,0.0,0.07328212261199951,1.2520667699137273,-0.7272755219965762,0.6863456236508014,,,,,0.0,0.0,,
49123828,45626933,1776118120.4596086,11,-3.790170192718506,-0.5777420997619629,17.42425537109375,-2.943371534347534,-0.0,15.0361328125,15.321511868753245,-0.9340349145565433,-0.35718171620248274,,,,,0.0,0.0,,
45626933,49123828,1776118121.5285945,12,0.9990772604942322,-0.5955008864402771,6.737560272216797,4.385575294494629,0.0,-10.334606170654297,11.226635977273313,0.8612147985460249,-0.5082411541437092,0.0,0.9990772604942322,-0.5955008864402771,6.737560272216797,1.0,0.0,,
49123828,45626933,1776118121.5285945,9,14.19986343383789,-0.6109094619750977,13.169276237487793,1.3604042530059814,0.0,0.25539058446884155,1.3841690945228111,-0.28401631046025355,0.9588194487976058,,,,,0.0,0.0,,
49123828,45626933,1776118121.5285945,11,-2.361999988555908,-0.5891743898391724,13.749825477600098,0.8712425231933594,0.0,-0.23384344577789307,0.9020788720248412,-0.689569845474566,-0.7242191852002977,7.6,4.259443283081055,-0.5891743898391724,11.972615242004395,0.5,-0.07682117819786072,,
45626933,49123828,1776118121.5285945,6,4.330404281616211,-0.5786833763122559,8.269264221191406,0.6120104789733887,0.0,0.7283391952514648,0.9513331749249513,0.2035002494103953,-0.97907489421898,0.0,4.330404281616211,-0.5786833763122559,8.269264221191406,1.0,0.0,,
45626933,49123828,1776118122.5577865,12,0.6544355154037476,-0.5588255524635315,6.527395725250244,-0.8012552261352539,0.0,-11.259024620056152,11.287499516387127,0.5318315217299543,-0.8468501830279079,0.0,0.6544355154037476,-0.5588255524635315,6.527395725250244,1.0,0.0,,
49123828,45626933,1776118122.5577865,9,14.447243690490723,-0.6074954271316528,13.201741218566895,1.3545352220535278,0.0,0.2857297658920288,1.3843435870116614,-0.11659470509486966,0.9931795782958086,,,,,0.0,0.0,,
45626933,49123828,1776118122.5577865,6,4.330404281616211,-0.5786833763122559,8.269264221191406,0.6120104789733887,0.0,0.7283391952514648,0.9513331749249513,0.2035002494103953,-0.97907489421898,0.0,4.330404281616211,-0.5786833763122559,8.269264221191406,1.0,0.0,,
49123828,45626933,1776118122.5577865,11,-2.157878875732422,-0.6095844507217407,14.528129577636719,1.228878378868103,0.0,3.0487060546875,3.2870580581939404,,,,,,,0.0,0.0,,
45626933,49123828,1776118123.5750322,12,0.4151158332824707,-0.6082220077514648,6.5982489585876465,-0.7875109314918518,0.0,-10.808337211608887,10.836988822872732,0.5856410278803241,-0.8105705314550222,0.0,0.4151158332824707,-0.6082220077514648,6.5982489585876465,1.0,0.0,,
49123828,45626933,1776118123.5750322,9,14.728523254394531,-0.6051788926124573,13.337122917175293,1.382299780845642,0.0,0.3589920401573181,1.4281554428780585,0.870307046985332,0.4925095369306783,,,,,0.0,0.0,,
45626933,49123828,1776118123.5750322,6,4.330404281616211,-0.5786833763122559,8.269264221191406,0.6120104789733887,0.0,0.7283391952514648,0.9513331749249513,0.2035002494103953,-0.97907489421898,0.0,4.330404281616211,-0.5786833763122559,8.269264221191406,1.0,0.0,,
49123828,45626933,1776118123.5750322,11,-2.0554676055908203,-0.6095842719078064,14.782198905944824,1.228878378868103,0.0,3.0487060546875,3.2870580581939404,,,,,,,0.0,0.0,,
45626933,49123828,1776118124.6317072,12,0.08770114183425903,-0.5697759389877319,6.538197994232178,-3.2167110443115234,-0.0,0.07128429412841797,3.2175007992516673,0.7041834289734892,-0.7100180972053733,0.0,0.08770114183425903,-0.5697759389877319,6.538197994232178,1.0,0.0,,
45626933,49123828,1776118124.6317072,6,4.330404281616211,-0.5786833763122559,8.269264221191406,0.6120104789733887,0.0,0.7283391952514648,0.9513331749249513,0.2035002494103953,-0.97907489421898,0.0,4.330404281616211,-0.5786833763122559,8.269264221191406,1.0,0.0,,
49123828,45626933,1776118124.6317072,9,15.004987716674805,-0.605178952217102,13.408924102783203,1.3822999000549316,0.0,0.3589920997619629,1.4281555732424172,0.870307046985332,0.4925095369306783,,,,,0.0,0.0,,
49123828,45626933,1776118124.6317072,11,-2.0554676055908203,-0.6095842719078064,14.782198905944824,1.228878378868103,0.0,3.0487060546875,3.2870580581939404,,,,,,,0.0,0.0,,
45626933,49123828,1776118125.6543956,12,-0.17956328392028809,-0.5927091836929321,6.448237895965576,-5.429342269897461,0.0,-1.9558570384979248,5.770886780966785,-0.7963875700288086,0.604786605592096,0.0,-0.17956328392028809,-0.5927091836929321,6.448237895965576,1.0,0.0,,
49123828,45626933,1776118125.6543956,11,-2.3318772315979004,-0.586184561252594,13.27247142791748,2.5460729598999023,0.0,-17.56856346130371,17.75209592163667,-0.15128322301614508,-0.9884904584435034,0.1,-2.077270030975342,-0.586184561252594,11.515615463256836,0.98,17.72097396850586,,
49123828,45626933,1776118125.6543956,9,15.399324417114258,-0.6029475331306458,13.569379806518555,1.4006423950195312,0.0,0.40553510189056396,1.4581693446206578,0.31464196897238217,-0.949210425227822,,,,,0.0,0.0,,
45626933,49123828,1776118126.6974533,12,-0.37969106435775757,-0.5996161103248596,6.599468231201172,-1.2235188484191895,-0.0,8.562702178955078,8.649674385658633,-0.5458457878758889,-0.8378856579857124,0.0,-0.37969106435775757,-0.5996161103248596,6.599468231201172,1.0,0.0,,
